Repositorio,Homepage,Estrelas,Ultimo_Commit,AXE,Pa11y,WAVE,AChecker,Lighthouse,Asqatasun,HTML_CodeSniffer,AplicacaoWeb
openstreetmap/openstreetmap-website,https://www.openstreetmap.org/,2520,2025-09-25T17:40:16Z,true,false,false,false,false,false,false,Sim
allegro/turnilo,https://allegro.github.io/turnilo/,754,2025-07-21T05:41:42Z,false,false,false,false,true,false,false,Sim
incentius-foss/WhatTheDuck,https://whattheduck.incentius.com/,629,2025-05-30T10:22:48Z,true,false,false,false,false,false,false,Sim
geonetwork/core-geonetwork,http://geonetwork-opensource.org/,473,2025-09-27T13:36:44Z,true,false,false,false,false,false,false,Sim
subhamBharadwaz/scribbly,https://scribbly.subhambharadwaz.com,452,2025-06-18T01:24:16Z,true,false,false,false,false,false,false,Sim
SuperViz/superviz,https://superviz.com,381,2025-03-10T13:55:11Z,true,false,false,false,true,false,false,Sim
louislam/uptime-kuma,https://uptime.kuma.pet,75448,2025-09-24T07:08:57Z,true,false,false,false,false,false,false,Sim
h2oai/wave,https://wave.h2o.ai,4190,2025-09-26T12:35:12Z,false,false,true,false,false,false,false,Sim
Ajaxy/telegram-tt,https://web.telegram.org/a,3016,2025-09-19T12:39:00Z,true,false,false,false,false,false,false,Sim
wuhan2020/WebApp,https://wuhan2020.kaiyuanshe.cn/,393,2024-11-10T21:26:11Z,true,false,false,false,false,false,false,Sim
cloudron-io/meemo,https://meemo.minimal-space.de,374,2025-03-31T13:49:48Z,true,false,false,false,false,false,false,Sim
path-yu/vue3-cloud-music,https://cloud-music-eight-nu.vercel.app/#/discovery,352,2025-09-19T03:50:35Z,true,false,false,false,false,false,false,Sim
SouJunior/vagas-webapp,https://vagas.soujunior.tech,254,2025-09-18T14:43:20Z,true,false,false,false,false,false,false,Sim
axelor/open-suite-webapp,http://axelor.com,195,2025-09-25T16:39:33Z,true,false,false,false,false,false,false,Sim
crosshare-org/crosshare,https://crosshare.org,147,2025-08-19T18:44:59Z,true,false,false,false,false,false,false,Sim
qwinsi/tex2typst-webapp,https://qwinsi.github.io/tex2typst-webapp/,89,2025-09-19T18:03:56Z,true,false,false,false,false,false,false,Sim
qoomon/smart-life-webapp,https://qoomon.github.io/smart-life-webapp/,65,2025-09-22T10:28:53Z,true,false,false,false,false,false,false,Sim
premieroctet/photoshot,https://photoshot.app,3838,2024-12-07T18:48:19Z,true,false,false,false,false,false,false,Sim
Privoce/vocechat-web,https://privoce.voce.chat/,2018,2025-08-22T01:55:10Z,true,false,true,false,false,false,false,Sim
wavebox/waveboxapp,https://wavebox.io,1358,2025-09-24T07:46:17Z,false,false,true,false,false,false,false,Sim
raindropio/app,https://app.raindrop.io,1278,2025-09-26T09:01:14Z,true,false,false,false,false,false,false,Sim
robertying/learnX,https://tsinghua.app/learnX,279,2025-09-24T03:01:14Z,true,false,false,false,true,false,false,Sim
titaniumnetwork-dev/Ultraviolet-App,https://docs.titaniumnetwork.org/proxies/ultraviolet,349,2025-08-22T04:20:32Z,true,false,false,false,false,false,false,Sim
StudentiUniMi/website,https://studentiunimi.it/,60,2025-09-11T18:02:20Z,true,false,false,false,false,false,false,Sim
mtgjson/mtgjson-website,https://mtgjson.com,40,2025-09-21T02:19:38Z,true,false,false,false,false,false,false,Sim
phpbb/area51,https://area51.phpbb.com,18,2025-09-27T10:39:50Z,true,false,false,false,false,false,false,Sim
casdoor/casdoor,https://casdoor.org,12296,2025-09-27T07:54:13Z,true,false,false,false,true,false,false,Sim
HuolalaTech/page-spy-web,https://www.pagespy.org,5427,2025-09-28T03:38:25Z,true,false,false,false,false,false,false,Sim
Openpanel-dev/openpanel,https://openpanel.dev,4523,2025-09-26T18:32:58Z,true,false,false,false,true,false,false,Sim
flexn-io/renative,https://renative.org,1895,2025-03-31T07:32:00Z,true,false,false,false,true,false,false,Sim
dnnsoftware/Dnn.Platform,https://dnncommunity.org/,1095,2025-09-23T21:54:36Z,true,false,false,false,false,false,false,Sim
SonicCloudOrg/sonic-client-web,https://soniccloudorg.github.io/,667,2024-10-16T03:15:36Z,true,false,false,false,false,false,false,Sim
keymanapp/keyman,https://keyman.com/,474,2025-09-26T12:21:36Z,true,false,false,false,true,false,false,Sim
u-wave/web,https://demo.u-wave.net,70,2025-09-19T08:47:00Z,true,false,true,false,false,false,false,Sim
invoiceninja/ui,https://app.invoicing.co,81,2025-09-23T14:02:30Z,true,false,false,false,false,false,false,Sim
iiitv/getmein-web,https://getmeiniiitv.glitch.me/,29,2024-09-29T20:18:41Z,true,false,false,false,false,false,false,Sim
discord-tickets/portal,https://portal.discordtickets.app,18,2025-06-15T12:41:40Z,true,false,false,false,false,false,false,Sim
community-network/gametools.network-website,https://gametools.network/,17,2025-08-28T19:12:16Z,true,false,false,false,false,false,false,Sim
AOSC-Dev/website-2023,https://aosc.io/,14,2025-09-27T08:30:58Z,true,false,false,false,false,false,false,Sim
srl-labs/yang-browser,https://yang.srlinux.dev,14,2025-09-19T08:21:09Z,true,false,false,false,false,false,false,Sim
BuiKhanhHuy/my-job-web-app,http://myjob.id.vn/,9,2025-05-10T20:17:01Z,true,false,false,false,false,false,false,Sim
Soum-ik/AI-Powerd-Job-Portal,https://job-search-azure.vercel.app,8,2025-04-19T20:14:03Z,true,false,false,false,false,false,false,Sim
IIIT-Delhi/smp-portal,https://smpportal.iiitd.edu.in,5,2025-08-24T10:22:17Z,true,false,false,false,false,false,false,Sim
Sanjida-Khanam778/movie-portal-client,https://movie-portal-8bfdb.web.app,5,2025-04-23T02:23:14Z,true,false,false,false,false,false,false,Sim
md-rejoyan-islam/doctor-portal,https://doctors-portal-f127f.web.app/,4,2025-08-04T07:07:47Z,true,false,false,false,false,false,false,Sim
lewiii254/Job-Portal,https://job-portal-hazel-seven.vercel.app,3,2025-03-13T12:55:34Z,true,false,false,false,false,false,false,Sim
IPS-LMU/EMU-webApp,http://ips-lmu.github.io/EMU-webApp/,52,2025-09-19T11:55:24Z,true,false,false,false,false,false,false,Sim
ServiceWeaver/onlineboutique,https://onlineboutique.serviceweaver.dev/,38,2024-10-11T17:49:36Z,true,false,false,false,false,false,false,Sim
mostafakamal22/Sprints-MERN-E-Banking-System,https://ebank-2t3r.onrender.com,24,2025-03-22T21:50:03Z,true,false,false,false,false,false,false,Sim
Rohit-RA-2020/Task-Management,https://eventally.vercel.app,23,2025-09-04T06:42:26Z,true,false,false,false,false,false,false,Sim
consiglionazionaledellericerche/cool-jconon,https://selezionionline.cnr.it,22,2025-09-24T17:22:53Z,true,false,false,false,false,false,false,Sim
perisicnikola37/car-market-laravel,http://auto-diler.herokuapp.com,10,2025-01-09T18:21:18Z,true,false,false,false,false,false,false,Sim
MiladJoodi/Full-Stack-Blog-App-with-Next.js15-MongoDB-Tailwind,https://Tiny-Blogs.Netlify.app,10,2025-08-25T13:06:39Z,true,false,false,false,false,false,false,Sim
AliSabet81/fullstack-ecommerce-client,https://fullstack-ecommerce-client-ali.vercel.app/,9,2025-01-04T06:01:28Z,true,false,false,false,false,false,false,Sim
MishraShardendu22/Secret-Message-Application,https://5-chan-shardendu-mishra.vercel.app/,9,2025-07-06T20:02:51Z,true,false,false,false,false,false,false,Sim
samikaran/fullstack-ecommerce-nextjs-shopify,https://fullstack-ecommerce-nextjs-shopify.vercel.app,5,2024-11-13T22:34:52Z,true,false,false,false,false,false,false,Sim
AliSabet81/Jira,https://ali-jira.vercel.app,5,2024-10-29T05:41:37Z,true,false,false,false,false,false,false,Sim
machan1119/sound-studio,https://session-eight.vercel.app/,3,2025-07-03T10:31:45Z,true,false,false,false,false,false,false,Sim
STS-Rosario/carpoolear,https://carpoolear.com.ar,97,2025-09-19T14:48:27Z,true,false,true,false,false,false,false,Sim
HeimLabs/coinbase-myusdc-frontend,https://coinbase-myusdc-frontend-three.vercel.app,47,2024-10-02T17:13:26Z,true,false,false,false,false,false,false,Sim
Krishna18062005/Scalp_Care-FrontEnd-ReactJS,https://scalpfelix.vercel.app/,46,2025-02-09T11:04:53Z,true,false,false,false,false,false,false,Sim
fberrez/minihabits-web,https://minihabits.fberrez.co,26,2025-07-25T21:07:41Z,true,false,false,false,false,false,false,Sim
NDLANO/ndla-frontend,https://ndla-frontend-ndlaknowits-projects.vercel.app,22,2025-09-26T13:48:45Z,true,false,false,false,false,false,false,Sim
Kharacternyk/paper-tactics-pwa,https://www.paper-tactics.com,20,2025-07-27T17:09:59Z,true,false,false,false,false,false,false,Sim
amarbalu/Tunes,https://tunesmusiq.herokuapp.com/,19,2025-05-18T05:18:01Z,true,false,false,false,false,false,false,Sim
frau-azadeh/crm,https://crm-rho-henna.vercel.app/,17,2025-09-15T09:44:49Z,true,false,false,false,false,false,false,Sim
Hazrat-Ali9/Financely-Frontend,https://hazrat-financely.vercel.app,15,2025-09-09T16:41:52Z,true,false,false,false,false,false,false,Sim
Nex-TON/Nexton_Frontend,https://hack-a-ton-frontend-iota.vercel.app/,14,2025-09-15T08:14:21Z,true,false,false,false,true,false,false,Sim
Hazrat-Ali9/Job-Portal-Frontend,https://github.com/Hazrat-Ali9/Job-Portal-Frontend,12,2025-07-14T09:02:33Z,true,false,false,false,false,false,false,Sim
Hazrat-Ali9/Doctor-Frontend,https://github.com/Hazrat-Ali9/Doctor-Frontend,11,2025-07-17T05:32:42Z,true,false,false,false,true,false,false,Sim
Hazrat-Ali9/E-Learning-Frontend,https://github.com/Hazrat-Ali9/E-Learning-Frontend,11,2025-08-28T15:09:12Z,true,false,false,false,false,false,false,Sim
CoderBotOrg/frontend,https://www.coderbot.org,10,2025-02-23T18:20:11Z,true,false,false,false,false,false,false,Sim
oslokommune/bydelsfakta,https://bydelsfakta.oslo.kommune.no,10,2025-09-26T10:49:50Z,true,false,false,false,false,false,false,Sim
nicklima/strapi-blog-frontend-next,https://strapi-blog-frontend-next.vercel.app,10,2025-09-01T15:32:51Z,true,false,false,false,false,false,false,Sim
Hazrat-Ali9/Frontend-Twitter,https://github.com/Hazrat-Ali9/Frontend-Twitter,10,2025-06-05T09:34:59Z,true,false,false,false,false,false,false,Sim
dhis2/app-hub,https://apps.dhis2.org,9,2025-08-29T07:30:33Z,true,false,false,false,false,false,false,Sim
FinWave-App/FinWave-Frontend,https://finwave.app,9,2025-01-16T19:10:35Z,true,false,true,false,false,false,false,Sim
saleor/saleor-dashboard,https://saleor.io,941,2025-09-26T14:17:54Z,true,false,false,false,true,false,false,Sim
s-shemmee/GhibliGaze,https://ghibli-gaze.vercel.app,15,2025-02-11T21:59:22Z,true,false,false,false,false,false,false,Sim
centreon/centreon,https://www.centreon.com,134,2025-09-26T16:01:08Z,false,false,false,false,true,false,false,Sim
czoczo/casavue,https://casavue.app,10,2025-07-20T18:11:51Z,true,false,false,false,false,false,false,Sim
utmmcss/deerhacks,https://2024.deerhacks.ca,9,2024-11-14T22:43:07Z,true,false,false,false,false,false,false,Sim
minnukota381/Social-Media-Dashboard-UI-React,https://social-media-dashboard-nep.vercel.app/,7,2025-09-27T09:19:09Z,true,false,false,false,false,false,false,Sim
nadakhader04/dashbord-react-js,https://dashbord-react-js-sable.vercel.app,6,2025-03-18T22:43:15Z,true,false,false,false,false,false,false,Sim
rotaractgalgotias/admin-dashboard,https://admin.rotaractgalgotias.org,6,2025-07-06T13:41:52Z,true,false,false,false,false,false,false,Sim
yashksaini-coder/LC-Dashboard,https://lc-dashboard.vercel.app,5,2025-07-04T10:16:50Z,true,false,false,false,false,false,false,Sim
manju1807/TeamPulse,https://teampulse18.netlify.app/,5,2024-09-30T18:10:43Z,true,false,false,false,false,false,false,Sim
Aadarsh-max/Expense-Tracker,https://expense-tracker-gamma-dun.vercel.app,5,2025-09-26T15:54:14Z,true,false,false,false,false,false,false,Sim
naumanch969/swiftcart-dashboard,https://swiftcart-dashboard.vercel.app,4,2025-05-03T12:19:06Z,true,false,false,false,false,false,false,Sim
Guten-Morgen1302/Social-Media-Dashboard,https://social-sync-dashboard.vercel.app,4,2025-03-06T04:52:38Z,true,false,false,false,false,false,false,Sim
waynesutton/todohosted,https://syncengine.dev/,4,2025-06-12T12:40:26Z,true,false,false,false,false,false,false,Sim
pelican-dev/panel,https://pelican.dev,1600,2025-09-28T19:17:02Z,true,false,false,false,false,false,false,Sim
bitcart/bitcart-admin,https://admin.bitcart.ai,34,2025-09-21T20:59:52Z,true,false,false,false,false,false,false,Sim
bidhandhakal/E-Commerce,https://luxeranepal.bidhandhakal.com.np/,20,2025-07-11T11:37:33Z,true,false,false,false,false,false,false,Sim
Hazrat-Ali9/PC-Builder,https://pc-builder-lovat.vercel.app,13,2025-07-20T10:20:00Z,true,false,false,false,false,false,false,Sim
nadeemsangrasi/E-comerce-with-Admin-pannel,https://quick-carts.vercel.app,10,2024-11-17T14:52:20Z,true,false,false,false,false,false,false,Sim
faridvatani/crispy-admin-panel,https://crispy-admin-panel.vercel.app,10,2024-10-16T17:25:05Z,true,false,false,false,false,false,false,Sim
fares-ahmedd/roomRover,https://room-rover-bice.vercel.app,10,2024-12-30T16:27:02Z,true,false,false,false,false,false,false,Sim
umarprogrammer19/Furniro-admin-panel,https://api-admin-furniro.vercel.app,9,2025-02-12T18:19:35Z,true,false,false,false,false,false,false,Sim
cloudreve/cloudreve,https://cloudreve.org,25040,2025-09-27T14:04:38Z,true,false,false,false,true,false,false,Sim
antdv-pro/antdv-pro,https://www.antdv-pro.com/,822,2025-09-25T01:45:23Z,true,false,false,false,false,false,false,Sim
Jexactyl/Jexactyl,https://jexpanel.com,478,2025-09-16T15:40:56Z,true,false,false,false,false,false,false,Sim
Alanaktion/phproject,https://www.phproject.org,396,2025-08-20T19:41:24Z,true,false,false,false,false,false,false,Sim
mamun724682/Inventory-Management-System-Laravel-SPA,https://inventory.devfaculty.com,247,2024-11-09T13:57:51Z,true,false,false,false,false,false,false,Sim
MusheAbdulHakim/Laravel-Smarthr,https://smarthr.musheabdulhakim.dev,224,2024-12-12T04:12:41Z,true,false,false,false,false,false,false,Sim
duxweb/duxcms,https://dux-next-docs.vercel.app/,192,2024-09-30T03:14:49Z,true,false,false,false,false,false,false,Sim
SMEWebify/WebErpMesv2,http://demo.wem-project.org/,174,2025-09-26T14:36:21Z,true,false,false,false,false,false,false,Sim
chandachewe10/loan-management-system,https://lendfy-development.macroit.org,121,2025-09-06T22:41:18Z,true,false,false,false,false,false,false,Sim
horia141/thrive,https://get-thriving.com,121,2025-09-28T19:16:49Z,true,false,false,false,false,false,false,Sim
ustaxcourt/ef-cms,https://dawson.ustaxcourt.gov/,99,2025-09-26T19:42:31Z,true,false,false,false,false,false,false,Sim
nurRiyad/snacks-management,https://ac-snacks.vercel.app,7,2025-07-11T05:48:44Z,true,false,false,false,false,false,false,Sim
natiq-foundation/control-frontend,https://control.natiq.net,6,2025-02-06T14:24:51Z,true,false,false,false,false,false,false,Sim
TurboServlet/turbonet-polar-frontend,https://turbo.sys-allnet.com,5,2025-06-23T09:32:00Z,true,false,false,false,false,false,false,Sim
robusta-dev/robusta,https://home.robusta.dev/,2870,2025-09-16T12:41:35Z,false,false,true,false,false,false,false,Sim
meceware/wapy.dev,https://www.wapy.dev,442,2025-08-24T10:11:35Z,true,false,false,false,false,false,false,Sim
larscom/gitlab-ci-dashboard,https://gitlab-ci-dashboard.larscom.nl,57,2025-09-28T13:33:50Z,true,false,false,false,false,false,false,Sim
Krishna18062005/FactoryFlowAI-NextJS,https://factoryflowai.vercel.app,47,2025-03-23T06:43:06Z,true,false,false,false,false,false,false,Sim
pyrohost/status,https://status.pyro.host,28,2025-01-07T17:31:42Z,true,false,false,false,false,false,false,Sim
Jonathan-Hofmann/ficsit-remote-monitoring-dasboard,https://ficsit-rmd.vercel.app,19,2024-11-27T18:30:27Z,true,false,false,false,false,false,false,Sim
sioaeko/StatusWatch,https://status-watch.vercel.app,6,2025-01-19T13:03:05Z,true,false,false,false,false,false,false,Sim
MangoLion/aihorde-monitor,https://monitor.fyrean.com,5,2024-12-21T20:58:27Z,true,false,false,false,false,false,false,Sim
machinelearningprodigy/Finance.Pro,https://finance-pro-xi.vercel.app,5,2025-02-22T10:38:01Z,true,false,false,false,false,false,false,Sim
agungdwiprasetyo/task-queue-worker-dashboard,https://worker.agungdp.dev,4,2024-10-22T08:12:52Z,true,false,false,false,false,false,false,Sim
Spiderpig86/spottr,https://spottr.vercel.app,54,2025-07-23T05:46:31Z,true,false,false,false,false,false,false,Sim
mustafacagri/next-stripe-supabase-tailwind-typescript,https://next-stripe-supabase-tailwind-typescript.vercel.app,37,2024-10-28T10:31:17Z,true,false,false,false,false,false,false,Sim
sidsurakanti/finance-analytics-app,https://pbd.vercel.app,22,2025-07-03T04:07:33Z,true,false,false,false,false,false,false,Sim
astrod333/dash,https://astrodashboard.vercel.app,19,2025-04-21T22:40:01Z,true,false,false,false,false,false,false,Sim
sagar2535/e-commerce-admin,https://e-commerce-admin-sagar.vercel.app,13,2024-10-19T03:54:41Z,true,false,false,false,false,false,false,Sim
antdv-pro/antdv-pro,https://www.antdv-pro.com/,822,2025-09-25T01:45:23Z,true,false,false,false,false,false,false,Sim
Jexactyl/Jexactyl,https://jexpanel.com,478,2025-09-16T15:40:56Z,true,false,false,false,false,false,false,Sim
Alanaktion/phproject,https://www.phproject.org,396,2025-08-20T19:41:24Z,true,false,false,false,false,false,false,Sim
mamun724682/Inventory-Management-System-Laravel-SPA,https://inventory.devfaculty.com,247,2024-11-09T13:57:51Z,true,false,false,false,false,false,false,Sim
MusheAbdulHakim/Laravel-Smarthr,https://smarthr.musheabdulhakim.dev,224,2024-12-12T04:12:41Z,true,false,false,false,false,false,false,Sim
duxweb/duxcms,https://dux-next-docs.vercel.app/,192,2024-09-30T03:14:49Z,true,false,false,false,false,false,false,Sim
SMEWebify/WebErpMesv2,http://demo.wem-project.org/,174,2025-09-26T14:36:21Z,true,false,false,false,false,false,false,Sim
chandachewe10/loan-management-system,https://lendfy-development.macroit.org,121,2025-09-06T22:41:18Z,true,false,false,false,false,false,false,Sim
horia141/thrive,https://get-thriving.com,121,2025-09-28T19:16:49Z,true,false,false,false,false,false,false,Sim
ustaxcourt/ef-cms,https://dawson.ustaxcourt.gov/,99,2025-09-26T19:42:31Z,true,false,false,false,false,false,false,Sim
nurRiyad/snacks-management,https://ac-snacks.vercel.app,7,2025-07-11T05:48:44Z,true,false,false,false,false,false,false,Sim
natiq-foundation/control-frontend,https://control.natiq.net,6,2025-02-06T14:24:51Z,true,false,false,false,false,false,false,Sim
TurboServlet/turbonet-polar-frontend,https://turbo.sys-allnet.com,5,2025-06-23T09:32:00Z,true,false,false,false,false,false,false,Sim
robusta-dev/robusta,https://home.robusta.dev/,2870,2025-09-16T12:41:35Z,false,false,true,false,false,false,false,Sim
meceware/wapy.dev,https://www.wapy.dev,442,2025-08-24T10:11:35Z,true,false,false,false,false,false,false,Sim
larscom/gitlab-ci-dashboard,https://gitlab-ci-dashboard.larscom.nl,57,2025-09-28T13:33:50Z,true,false,false,false,false,false,false,Sim
Krishna18062005/FactoryFlowAI-NextJS,https://factoryflowai.vercel.app,47,2025-03-23T06:43:06Z,true,false,false,false,false,false,false,Sim
pyrohost/status,https://status.pyro.host,28,2025-01-07T17:31:42Z,true,false,false,false,false,false,false,Sim
Jonathan-Hofmann/ficsit-remote-monitoring-dasboard,https://ficsit-rmd.vercel.app,19,2024-11-27T18:30:27Z,true,false,false,false,false,false,false,Sim
sioaeko/StatusWatch,https://status-watch.vercel.app,6,2025-01-19T13:03:05Z,true,false,false,false,false,false,false,Sim
ShadBalti/Age-Calculator-App,https://age-calculator-shadbaltis-projects.vercel.app/,11,2025-05-01T12:41:04Z,false,false,false,false,false,false,true,Sim
Thomaash/me,https://thomaash.github.io/me/,72,2025-09-27T08:06:44Z,true,false,false,false,true,false,false,Sim
ShariarSheikh/deepbazar,https://deepbazar.vercel.app/,10,2025-05-18T05:21:33Z,true,false,false,false,false,false,false,Sim
cmdalbem/ciclomapa,https://ciclomapa.org.br,82,2025-09-02T09:04:07Z,true,false,false,false,false,false,false,Sim
captainAyan/lucafy,https://lucafy.onrender.com/,14,2025-08-14T21:38:07Z,true,false,false,false,false,false,false,Sim
HeimLabs/coinbase-myusdc-frontend,https://coinbase-myusdc-frontend-three.vercel.app,47,2024-10-02T17:13:26Z,true,false,false,false,false,false,false,Sim
amarbalu/Tunes,https://tunesmusiq.herokuapp.com/,19,2025-05-18T05:18:01Z,true,false,false,false,false,false,false,Sim
Guten-Morgen1302/Social-Media-Dashboard,https://social-sync-dashboard.vercel.app,4,2025-03-06T04:52:38Z,true,false,false,false,false,false,false,Sim
waynesutton/todohosted,https://syncengine.dev/,4,2025-06-12T12:40:26Z,true,false,false,false,false,false,false,Sim
Jonathan-Hofmann/ficsit-remote-monitoring-dasboard,https://ficsit-rmd.vercel.app,19,2024-11-27T18:30:27Z,true,false,false,false,false,false,false,Sim
sioaeko/StatusWatch,https://status-watch.vercel.app,6,2025-01-19T13:03:05Z,true,false,false,false,false,false,false,Sim
MangoLion/aihorde-monitor,https://monitor.fyrean.com,5,2024-12-21T20:58:27Z,true,false,false,false,false,false,false,Sim
machinelearningprodigy/Finance.Pro,https://finance-pro-xi.vercel.app,5,2025-02-22T10:38:01Z,true,false,false,false,false,false,false,Sim
agungdwiprasetyo/task-queue-worker-dashboard,https://worker.agungdp.dev,4,2024-10-22T08:12:52Z,true,false,false,false,false,false,false,Sim
Spiderpig86/spottr,https://spottr.vercel.app,54,2025-07-23T05:46:31Z,true,false,false,false,false,false,false,Sim
astrod333/dash,https://astrodashboard.vercel.app,19,2025-04-21T22:40:01Z,true,false,false,false,false,false,false,Sim
sagar2535/e-commerce-admin,https://e-commerce-admin-sagar.vercel.app,13,2024-10-19T03:54:41Z,true,false,false,false,false,false,false,Sim
